region,segment,technology,unit,2024,2025,2026,2027,2028,2029,2030,2031,2032,2033,2034,2035,2036,2037,2038,2039,2040,2041,2042,2043,2044,2045,2046,2047,2048,2049,2050
belgium,cement,conventional,eur_per_tonne_cement_per_year,100,100,100,100,100,100,100,100,100,100,100,100,100,100,100,100,100,100,100,100,100,100,100,100,100,100,100
belgium,cement,ccs,eur_per_tonne_cement_per_year,150,150,150,150,150,150,150,150,150,150,150,150,150,150,150,150,150,150,150,150,150,150,150,150,150,150,150
belgium,cement,af,eur_per_tonne_cement_per_year,102,102,102,102,102,102,102,102,102,102,102,102,102,102,102,102,102,102,102,102,102,102,102,102,102,102,102
belgium,cement,af_ccs,eur_per_tonne_cement_per_year,155,155,155,155,155,155,155,155,155,155,155,155,155,155,155,155,155,155,155,155,155,155,155,155,155,155,155
belgium,cement,af_lower_clinker_cement_ratio_ccs,eur_per_tonne_cement_per_year,160,160,160,160,160,160,160,160,160,160,160,160,160,160,160,160,160,160,160,160,160,160,160,160,160,160,160
belgium,cement,lower_clinker_cement_ratio,eur_per_tonne_cement_per_year,105,105,105,105,105,105,105,105,105,105,105,105,105,105,105,105,105,105,105,105,105,105,105,105,105,105,105
belgium,cement,af_lower_clinker_cement_ratio,eur_per_tonne_cement_per_year,110,110,110,110,110,110,110,110,110,110,110,110,110,110,110,110,110,110,110,110,110,110,110,110,110,110,110
belgium,cement,lower_clinker_cement_ratio_ccs,eur_per_tonne_cement_per_year,158,158,158,158,158,158,158,158,158,158,158,158,158,158,158,158,158,158,158,158,158,158,158,158,158,158,158
bulgaria,cement,conventional,eur_per_tonne_cement_per_year,100,100,100,100,100,100,100,100,100,100,100,100,100,100,100,100,100,100,100,100,100,100,100,100,100,100,100
bulgaria,cement,ccs,eur_per_tonne_cement_per_year,150,150,150,150,150,150,150,150,150,150,150,150,150,150,150,150,150,150,150,150,150,150,150,150,150,150,150
bulgaria,cement,af,eur_per_tonne_cement_per_year,102,102,102,102,102,102,102,102,102,102,102,102,102,102,102,102,102,102,102,102,102,102,102,102,102,102,102
bulgaria,cement,af_ccs,eur_per_tonne_cement_per_year,155,155,155,155,155,155,155,155,155,155,155,155,155,155,155,155,155,155,155,155,155,155,155,155,155,155,155
bulgaria,cement,af_lower_clinker_cement_ratio_ccs,eur_per_tonne_cement_per_year,160,160,160,160,160,160,160,160,160,160,160,160,160,160,160,160,160,160,160,160,160,160,160,160,160,160,160
bulgaria,cement,lower_clinker_cement_ratio,eur_per_tonne_cement_per_year,105,105,105,105,105,105,105,105,105,105,105,105,105,105,105,105,105,105,105,105,105,105,105,105,105,105,105
bulgaria,cement,af_lower_clinker_cement_ratio,eur_per_tonne_cement_per_year,110,110,110,110,110,110,110,110,110,110,110,110,110,110,110,110,110,110,110,110,110,110,110,110,110,110,110
bulgaria,cement,lower_clinker_cement_ratio_ccs,eur_per_tonne_cement_per_year,158,158,158,158,158,158,158,158,158,158,158,158,158,158,158,158,158,158,158,158,158,158,158,158,158,158,158
czechia,cement,conventional,eur_per_tonne_cement_per_year,100,100,100,100,100,100,100,100,100,100,100,100,100,100,100,100,100,100,100,100,100,100,100,100,100,100,100
czechia,cement,ccs,eur_per_tonne_cement_per_year,150,150,150,150,150,150,150,150,150,150,150,150,150,150,150,150,150,150,150,150,150,150,150,150,150,150,150
czechia,cement,af,eur_per_tonne_cement_per_year,102,102,102,102,102,102,102,102,102,102,102,102,102,102,102,102,102,102,102,102,102,102,102,102,102,102,102
czechia,cement,af_ccs,eur_per_tonne_cement_per_year,155,155,155,155,155,155,155,155,155,155,155,155,155,155,155,155,155,155,155,155,155,155,155,155,155,155,155
czechia,cement,af_lower_clinker_cement_ratio_ccs,eur_per_tonne_cement_per_year,160,160,160,160,160,160,160,160,160,160,160,160,160,160,160,160,160,160,160,160,160,160,160,160,160,160,160
czechia,cement,lower_clinker_cement_ratio,eur_per_tonne_cement_per_year,105,105,105,105,105,105,105,105,105,105,105,105,105,105,105,105,105,105,105,105,105,105,105,105,105,105,105
czechia,cement,af_lower_clinker_cement_ratio,eur_per_tonne_cement_per_year,110,110,110,110,110,110,110,110,110,110,110,110,110,110,110,110,110,110,110,110,110,110,110,110,110,110,110
czechia,cement,lower_clinker_cement_ratio_ccs,eur_per_tonne_cement_per_year,158,158,158,158,158,158,158,158,158,158,158,158,158,158,158,158,158,158,158,158,158,158,158,158,158,158,158
denmark,cement,conventional,eur_per_tonne_cement_per_year,100,100,100,100,100,100,100,100,100,100,100,100,100,100,100,100,100,100,100,100,100,100,100,100,100,100,100
denmark,cement,ccs,eur_per_tonne_cement_per_year,150,150,150,150,150,150,150,150,150,150,150,150,150,150,150,150,150,150,150,150,150,150,150,150,150,150,150
denmark,cement,af,eur_per_tonne_cement_per_year,102,102,102,102,102,102,102,102,102,102,102,102,102,102,102,102,102,102,102,102,102,102,102,102,102,102,102
denmark,cement,af_ccs,eur_per_tonne_cement_per_year,155,155,155,155,155,155,155,155,155,155,155,155,155,155,155,155,155,155,155,155,155,155,155,155,155,155,155
denmark,cement,af_lower_clinker_cement_ratio_ccs,eur_per_tonne_cement_per_year,160,160,160,160,160,160,160,160,160,160,160,160,160,160,160,160,160,160,160,160,160,160,160,160,160,160,160
denmark,cement,lower_clinker_cement_ratio,eur_per_tonne_cement_per_year,105,105,105,105,105,105,105,105,105,105,105,105,105,105,105,105,105,105,105,105,105,105,105,105,105,105,105
denmark,cement,af_lower_clinker_cement_ratio,eur_per_tonne_cement_per_year,110,110,110,110,110,110,110,110,110,110,110,110,110,110,110,110,110,110,110,110,110,110,110,110,110,110,110
denmark,cement,lower_clinker_cement_ratio_ccs,eur_per_tonne_cement_per_year,158,158,158,158,158,158,158,158,158,158,158,158,158,158,158,158,158,158,158,158,158,158,158,158,158,158,158
germany,cement,conventional,eur_per_tonne_cement_per_year,100,100,100,100,100,100,100,100,100,100,100,100,100,100,100,100,100,100,100,100,100,100,100,100,100,100,100
germany,cement,ccs,eur_per_tonne_cement_per_year,150,150,150,150,150,150,150,150,150,150,150,150,150,150,150,150,150,150,150,150,150,150,150,150,150,150,150
germany,cement,af,eur_per_tonne_cement_per_year,102,102,102,102,102,102,102,102,102,102,102,102,102,102,102,102,102,102,102,102,102,102,102,102,102,102,102
germany,cement,af_ccs,eur_per_tonne_cement_per_year,155,155,155,155,155,155,155,155,155,155,155,155,155,155,155,155,155,155,155,155,155,155,155,155,155,155,155
germany,cement,af_lower_clinker_cement_ratio_ccs,eur_per_tonne_cement_per_year,160,160,160,160,160,160,160,160,160,160,160,160,160,160,160,160,160,160,160,160,160,160,160,160,160,160,160
germany,cement,lower_clinker_cement_ratio,eur_per_tonne_cement_per_year,105,105,105,105,105,105,105,105,105,105,105,105,105,105,105,105,105,105,105,105,105,105,105,105,105,105,105
germany,cement,af_lower_clinker_cement_ratio,eur_per_tonne_cement_per_year,110,110,110,110,110,110,110,110,110,110,110,110,110,110,110,110,110,110,110,110,110,110,110,110,110,110,110
germany,cement,lower_clinker_cement_ratio_ccs,eur_per_tonne_cement_per_year,158,158,158,158,158,158,158,158,158,158,158,158,158,158,158,158,158,158,158,158,158,158,158,158,158,158,158
estonia,cement,conventional,eur_per_tonne_cement_per_year,100,100,100,100,100,100,100,100,100,100,100,100,100,100,100,100,100,100,100,100,100,100,100,100,100,100,100
estonia,cement,ccs,eur_per_tonne_cement_per_year,150,150,150,150,150,150,150,150,150,150,150,150,150,150,150,150,150,150,150,150,150,150,150,150,150,150,150
estonia,cement,af,eur_per_tonne_cement_per_year,102,102,102,102,102,102,102,102,102,102,102,102,102,102,102,102,102,102,102,102,102,102,102,102,102,102,102
estonia,cement,af_ccs,eur_per_tonne_cement_per_year,155,155,155,155,155,155,155,155,155,155,155,155,155,155,155,155,155,155,155,155,155,155,155,155,155,155,155
estonia,cement,af_lower_clinker_cement_ratio_ccs,eur_per_tonne_cement_per_year,160,160,160,160,160,160,160,160,160,160,160,160,160,160,160,160,160,160,160,160,160,160,160,160,160,160,160
estonia,cement,lower_clinker_cement_ratio,eur_per_tonne_cement_per_year,105,105,105,105,105,105,105,105,105,105,105,105,105,105,105,105,105,105,105,105,105,105,105,105,105,105,105
estonia,cement,af_lower_clinker_cement_ratio,eur_per_tonne_cement_per_year,110,110,110,110,110,110,110,110,110,110,110,110,110,110,110,110,110,110,110,110,110,110,110,110,110,110,110
estonia,cement,lower_clinker_cement_ratio_ccs,eur_per_tonne_cement_per_year,158,158,158,158,158,158,158,158,158,158,158,158,158,158,158,158,158,158,158,158,158,158,158,158,158,158,158
ireland,cement,conventional,eur_per_tonne_cement_per_year,100,100,100,100,100,100,100,100,100,100,100,100,100,100,100,100,100,100,100,100,100,100,100,100,100,100,100
ireland,cement,ccs,eur_per_tonne_cement_per_year,150,150,150,150,150,150,150,150,150,150,150,150,150,150,150,150,150,150,150,150,150,150,150,150,150,150,150
ireland,cement,af,eur_per_tonne_cement_per_year,102,102,102,102,102,102,102,102,102,102,102,102,102,102,102,102,102,102,102,102,102,102,102,102,102,102,102
ireland,cement,af_ccs,eur_per_tonne_cement_per_year,155,155,155,155,155,155,155,155,155,155,155,155,155,155,155,155,155,155,155,155,155,155,155,155,155,155,155
ireland,cement,af_lower_clinker_cement_ratio_ccs,eur_per_tonne_cement_per_year,160,160,160,160,160,160,160,160,160,160,160,160,160,160,160,160,160,160,160,160,160,160,160,160,160,160,160
ireland,cement,lower_clinker_cement_ratio,eur_per_tonne_cement_per_year,105,105,105,105,105,105,105,105,105,105,105,105,105,105,105,105,105,105,105,105,105,105,105,105,105,105,105
ireland,cement,af_lower_clinker_cement_ratio,eur_per_tonne_cement_per_year,110,110,110,110,110,110,110,110,110,110,110,110,110,110,110,110,110,110,110,110,110,110,110,110,110,110,110
ireland,cement,lower_clinker_cement_ratio_ccs,eur_per_tonne_cement_per_year,158,158,158,158,158,158,158,158,158,158,158,158,158,158,158,158,158,158,158,158,158,158,158,158,158,158,158
greece,cement,conventional,eur_per_tonne_cement_per_year,100,100,100,100,100,100,100,100,100,100,100,100,100,100,100,100,100,100,100,100,100,100,100,100,100,100,100
greece,cement,ccs,eur_per_tonne_cement_per_year,150,150,150,150,150,150,150,150,150,150,150,150,150,150,150,150,150,150,150,150,150,150,150,150,150,150,150
greece,cement,af,eur_per_tonne_cement_per_year,102,102,102,102,102,102,102,102,102,102,102,102,102,102,102,102,102,102,102,102,102,102,102,102,102,102,102
greece,cement,af_ccs,eur_per_tonne_cement_per_year,155,155,155,155,155,155,155,155,155,155,155,155,155,155,155,155,155,155,155,155,155,155,155,155,155,155,155
greece,cement,af_lower_clinker_cement_ratio_ccs,eur_per_tonne_cement_per_year,160,160,160,160,160,160,160,160,160,160,160,160,160,160,160,160,160,160,160,160,160,160,160,160,160,160,160
greece,cement,lower_clinker_cement_ratio,eur_per_tonne_cement_per_year,105,105,105,105,105,105,105,105,105,105,105,105,105,105,105,105,105,105,105,105,105,105,105,105,105,105,105
greece,cement,af_lower_clinker_cement_ratio,eur_per_tonne_cement_per_year,110,110,110,110,110,110,110,110,110,110,110,110,110,110,110,110,110,110,110,110,110,110,110,110,110,110,110
greece,cement,lower_clinker_cement_ratio_ccs,eur_per_tonne_cement_per_year,158,158,158,158,158,158,158,158,158,158,158,158,158,158,158,158,158,158,158,158,158,158,158,158,158,158,158
spain,cement,conventional,eur_per_tonne_cement_per_year,100,100,100,100,100,100,100,100,100,100,100,100,100,100,100,100,100,100,100,100,100,100,100,100,100,100,100
spain,cement,ccs,eur_per_tonne_cement_per_year,150,150,150,150,150,150,150,150,150,150,150,150,150,150,150,150,150,150,150,150,150,150,150,150,150,150,150
spain,cement,af,eur_per_tonne_cement_per_year,102,102,102,102,102,102,102,102,102,102,102,102,102,102,102,102,102,102,102,102,102,102,102,102,102,102,102
spain,cement,af_ccs,eur_per_tonne_cement_per_year,155,155,155,155,155,155,155,155,155,155,155,155,155,155,155,155,155,155,155,155,155,155,155,155,155,155,155
spain,cement,af_lower_clinker_cement_ratio_ccs,eur_per_tonne_cement_per_year,160,160,160,160,160,160,160,160,160,160,160,160,160,160,160,160,160,160,160,160,160,160,160,160,160,160,160
spain,cement,lower_clinker_cement_ratio,eur_per_tonne_cement_per_year,105,105,105,105,105,105,105,105,105,105,105,105,105,105,105,105,105,105,105,105,105,105,105,105,105,105,105
spain,cement,af_lower_clinker_cement_ratio,eur_per_tonne_cement_per_year,110,110,110,110,110,110,110,110,110,110,110,110,110,110,110,110,110,110,110,110,110,110,110,110,110,110,110
spain,cement,lower_clinker_cement_ratio_ccs,eur_per_tonne_cement_per_year,158,158,158,158,158,158,158,158,158,158,158,158,158,158,158,158,158,158,158,158,158,158,158,158,158,158,158
france,cement,conventional,eur_per_tonne_cement_per_year,100,100,100,100,100,100,100,100,100,100,100,100,100,100,100,100,100,100,100,100,100,100,100,100,100,100,100
france,cement,ccs,eur_per_tonne_cement_per_year,150,150,150,150,150,150,150,150,150,150,150,150,150,150,150,150,150,150,150,150,150,150,150,150,150,150,150
france,cement,af,eur_per_tonne_cement_per_year,102,102,102,102,102,102,102,102,102,102,102,102,102,102,102,102,102,102,102,102,102,102,102,102,102,102,102
france,cement,af_ccs,eur_per_tonne_cement_per_year,155,155,155,155,155,155,155,155,155,155,155,155,155,155,155,155,155,155,155,155,155,155,155,155,155,155,155
france,cement,af_lower_clinker_cement_ratio_ccs,eur_per_tonne_cement_per_year,160,160,160,160,160,160,160,160,160,160,160,160,160,160,160,160,160,160,160,160,160,160,160,160,160,160,160
france,cement,lower_clinker_cement_ratio,eur_per_tonne_cement_per_year,105,105,105,105,105,105,105,105,105,105,105,105,105,105,105,105,105,105,105,105,105,105,105,105,105,105,105
france,cement,af_lower_clinker_cement_ratio,eur_per_tonne_cement_per_year,110,110,110,110,110,110,110,110,110,110,110,110,110,110,110,110,110,110,110,110,110,110,110,110,110,110,110
france,cement,lower_clinker_cement_ratio_ccs,eur_per_tonne_cement_per_year,158,158,158,158,158,158,158,158,158,158,158,158,158,158,158,158,158,158,158,158,158,158,158,158,158,158,158
croatia,cement,conventional,eur_per_tonne_cement_per_year,100,100,100,100,100,100,100,100,100,100,100,100,100,100,100,100,100,100,100,100,100,100,100,100,100,100,100
croatia,cement,ccs,eur_per_tonne_cement_per_year,150,150,150,150,150,150,150,150,150,150,150,150,150,150,150,150,150,150,150,150,150,150,150,150,150,150,150
croatia,cement,af,eur_per_tonne_cement_per_year,102,102,102,102,102,102,102,102,102,102,102,102,102,102,102,102,102,102,102,102,102,102,102,102,102,102,102
croatia,cement,af_ccs,eur_per_tonne_cement_per_year,155,155,155,155,155,155,155,155,155,155,155,155,155,155,155,155,155,155,155,155,155,155,155,155,155,155,155
croatia,cement,af_lower_clinker_cement_ratio_ccs,eur_per_tonne_cement_per_year,160,160,160,160,160,160,160,160,160,160,160,160,160,160,160,160,160,160,160,160,160,160,160,160,160,160,160
croatia,cement,lower_clinker_cement_ratio,eur_per_tonne_cement_per_year,105,105,105,105,105,105,105,105,105,105,105,105,105,105,105,105,105,105,105,105,105,105,105,105,105,105,105
croatia,cement,af_lower_clinker_cement_ratio,eur_per_tonne_cement_per_year,110,110,110,110,110,110,110,110,110,110,110,110,110,110,110,110,110,110,110,110,110,110,110,110,110,110,110
croatia,cement,lower_clinker_cement_ratio_ccs,eur_per_tonne_cement_per_year,158,158,158,158,158,158,158,158,158,158,158,158,158,158,158,158,158,158,158,158,158,158,158,158,158,158,158
italy,cement,conventional,eur_per_tonne_cement_per_year,100,100,100,100,100,100,100,100,100,100,100,100,100,100,100,100,100,100,100,100,100,100,100,100,100,100,100
italy,cement,ccs,eur_per_tonne_cement_per_year,150,150,150,150,150,150,150,150,150,150,150,150,150,150,150,150,150,150,150,150,150,150,150,150,150,150,150
italy,cement,af,eur_per_tonne_cement_per_year,102,102,102,102,102,102,102,102,102,102,102,102,102,102,102,102,102,102,102,102,102,102,102,102,102,102,102
italy,cement,af_ccs,eur_per_tonne_cement_per_year,155,155,155,155,155,155,155,155,155,155,155,155,155,155,155,155,155,155,155,155,155,155,155,155,155,155,155
italy,cement,af_lower_clinker_cement_ratio_ccs,eur_per_tonne_cement_per_year,160,160,160,160,160,160,160,160,160,160,160,160,160,160,160,160,160,160,160,160,160,160,160,160,160,160,160
italy,cement,lower_clinker_cement_ratio,eur_per_tonne_cement_per_year,105,105,105,105,105,105,105,105,105,105,105,105,105,105,105,105,105,105,105,105,105,105,105,105,105,105,105
italy,cement,af_lower_clinker_cement_ratio,eur_per_tonne_cement_per_year,110,110,110,110,110,110,110,110,110,110,110,110,110,110,110,110,110,110,110,110,110,110,110,110,110,110,110
italy,cement,lower_clinker_cement_ratio_ccs,eur_per_tonne_cement_per_year,158,158,158,158,158,158,158,158,158,158,158,158,158,158,158,158,158,158,158,158,158,158,158,158,158,158,158
cyprus,cement,conventional,eur_per_tonne_cement_per_year,100,100,100,100,100,100,100,100,100,100,100,100,100,100,100,100,100,100,100,100,100,100,100,100,100,100,100
cyprus,cement,ccs,eur_per_tonne_cement_per_year,150,150,150,150,150,150,150,150,150,150,150,150,150,150,150,150,150,150,150,150,150,150,150,150,150,150,150
cyprus,cement,af,eur_per_tonne_cement_per_year,102,102,102,102,102,102,102,102,102,102,102,102,102,102,102,102,102,102,102,102,102,102,102,102,102,102,102
cyprus,cement,af_ccs,eur_per_tonne_cement_per_year,155,155,155,155,155,155,155,155,155,155,155,155,155,155,155,155,155,155,155,155,155,155,155,155,155,155,155
cyprus,cement,af_lower_clinker_cement_ratio_ccs,eur_per_tonne_cement_per_year,160,160,160,160,160,160,160,160,160,160,160,160,160,160,160,160,160,160,160,160,160,160,160,160,160,160,160
cyprus,cement,lower_clinker_cement_ratio,eur_per_tonne_cement_per_year,105,105,105,105,105,105,105,105,105,105,105,105,105,105,105,105,105,105,105,105,105,105,105,105,105,105,105
cyprus,cement,af_lower_clinker_cement_ratio,eur_per_tonne_cement_per_year,110,110,110,110,110,110,110,110,110,110,110,110,110,110,110,110,110,110,110,110,110,110,110,110,110,110,110
cyprus,cement,lower_clinker_cement_ratio_ccs,eur_per_tonne_cement_per_year,158,158,158,158,158,158,158,158,158,158,158,158,158,158,158,158,158,158,158,158,158,158,158,158,158,158,158
latvia,cement,conventional,eur_per_tonne_cement_per_year,100,100,100,100,100,100,100,100,100,100,100,100,100,100,100,100,100,100,100,100,100,100,100,100,100,100,100
latvia,cement,ccs,eur_per_tonne_cement_per_year,150,150,150,150,150,150,150,150,150,150,150,150,150,150,150,150,150,150,150,150,150,150,150,150,150,150,150
latvia,cement,af,eur_per_tonne_cement_per_year,102,102,102,102,102,102,102,102,102,102,102,102,102,102,102,102,102,102,102,102,102,102,102,102,102,102,102
latvia,cement,af_ccs,eur_per_tonne_cement_per_year,155,155,155,155,155,155,155,155,155,155,155,155,155,155,155,155,155,155,155,155,155,155,155,155,155,155,155
latvia,cement,af_lower_clinker_cement_ratio_ccs,eur_per_tonne_cement_per_year,160,160,160,160,160,160,160,160,160,160,160,160,160,160,160,160,160,160,160,160,160,160,160,160,160,160,160
latvia,cement,lower_clinker_cement_ratio,eur_per_tonne_cement_per_year,105,105,105,105,105,105,105,105,105,105,105,105,105,105,105,105,105,105,105,105,105,105,105,105,105,105,105
latvia,cement,af_lower_clinker_cement_ratio,eur_per_tonne_cement_per_year,110,110,110,110,110,110,110,110,110,110,110,110,110,110,110,110,110,110,110,110,110,110,110,110,110,110,110
latvia,cement,lower_clinker_cement_ratio_ccs,eur_per_tonne_cement_per_year,158,158,158,158,158,158,158,158,158,158,158,158,158,158,158,158,158,158,158,158,158,158,158,158,158,158,158
lithuania,cement,conventional,eur_per_tonne_cement_per_year,100,100,100,100,100,100,100,100,100,100,100,100,100,100,100,100,100,100,100,100,100,100,100,100,100,100,100
lithuania,cement,ccs,eur_per_tonne_cement_per_year,150,150,150,150,150,150,150,150,150,150,150,150,150,150,150,150,150,150,150,150,150,150,150,150,150,150,150
lithuania,cement,af,eur_per_tonne_cement_per_year,102,102,102,102,102,102,102,102,102,102,102,102,102,102,102,102,102,102,102,102,102,102,102,102,102,102,102
lithuania,cement,af_ccs,eur_per_tonne_cement_per_year,155,155,155,155,155,155,155,155,155,155,155,155,155,155,155,155,155,155,155,155,155,155,155,155,155,155,155
lithuania,cement,af_lower_clinker_cement_ratio_ccs,eur_per_tonne_cement_per_year,160,160,160,160,160,160,160,160,160,160,160,160,160,160,160,160,160,160,160,160,160,160,160,160,160,160,160
lithuania,cement,lower_clinker_cement_ratio,eur_per_tonne_cement_per_year,105,105,105,105,105,105,105,105,105,105,105,105,105,105,105,105,105,105,105,105,105,105,105,105,105,105,105
lithuania,cement,af_lower_clinker_cement_ratio,eur_per_tonne_cement_per_year,110,110,110,110,110,110,110,110,110,110,110,110,110,110,110,110,110,110,110,110,110,110,110,110,110,110,110
lithuania,cement,lower_clinker_cement_ratio_ccs,eur_per_tonne_cement_per_year,158,158,158,158,158,158,158,158,158,158,158,158,158,158,158,158,158,158,158,158,158,158,158,158,158,158,158
luxembourg,cement,conventional,eur_per_tonne_cement_per_year,100,100,100,100,100,100,100,100,100,100,100,100,100,100,100,100,100,100,100,100,100,100,100,100,100,100,100
luxembourg,cement,ccs,eur_per_tonne_cement_per_year,150,150,150,150,150,150,150,150,150,150,150,150,150,150,150,150,150,150,150,150,150,150,150,150,150,150,150
luxembourg,cement,af,eur_per_tonne_cement_per_year,102,102,102,102,102,102,102,102,102,102,102,102,102,102,102,102,102,102,102,102,102,102,102,102,102,102,102
luxembourg,cement,af_ccs,eur_per_tonne_cement_per_year,155,155,155,155,155,155,155,155,155,155,155,155,155,155,155,155,155,155,155,155,155,155,155,155,155,155,155
luxembourg,cement,af_lower_clinker_cement_ratio_ccs,eur_per_tonne_cement_per_year,160,160,160,160,160,160,160,160,160,160,160,160,160,160,160,160,160,160,160,160,160,160,160,160,160,160,160
luxembourg,cement,lower_clinker_cement_ratio,eur_per_tonne_cement_per_year,105,105,105,105,105,105,105,105,105,105,105,105,105,105,105,105,105,105,105,105,105,105,105,105,105,105,105
luxembourg,cement,af_lower_clinker_cement_ratio,eur_per_tonne_cement_per_year,110,110,110,110,110,110,110,110,110,110,110,110,110,110,110,110,110,110,110,110,110,110,110,110,110,110,110
luxembourg,cement,lower_clinker_cement_ratio_ccs,eur_per_tonne_cement_per_year,158,158,158,158,158,158,158,158,158,158,158,158,158,158,158,158,158,158,158,158,158,158,158,158,158,158,158
hungary,cement,conventional,eur_per_tonne_cement_per_year,100,100,100,100,100,100,100,100,100,100,100,100,100,100,100,100,100,100,100,100,100,100,100,100,100,100,100
hungary,cement,ccs,eur_per_tonne_cement_per_year,150,150,150,150,150,150,150,150,150,150,150,150,150,150,150,150,150,150,150,150,150,150,150,150,150,150,150
hungary,cement,af,eur_per_tonne_cement_per_year,102,102,102,102,102,102,102,102,102,102,102,102,102,102,102,102,102,102,102,102,102,102,102,102,102,102,102
hungary,cement,af_ccs,eur_per_tonne_cement_per_year,155,155,155,155,155,155,155,155,155,155,155,155,155,155,155,155,155,155,155,155,155,155,155,155,155,155,155
hungary,cement,af_lower_clinker_cement_ratio_ccs,eur_per_tonne_cement_per_year,160,160,160,160,160,160,160,160,160,160,160,160,160,160,160,160,160,160,160,160,160,160,160,160,160,160,160
hungary,cement,lower_clinker_cement_ratio,eur_per_tonne_cement_per_year,105,105,105,105,105,105,105,105,105,105,105,105,105,105,105,105,105,105,105,105,105,105,105,105,105,105,105
hungary,cement,af_lower_clinker_cement_ratio,eur_per_tonne_cement_per_year,110,110,110,110,110,110,110,110,110,110,110,110,110,110,110,110,110,110,110,110,110,110,110,110,110,110,110
hungary,cement,lower_clinker_cement_ratio_ccs,eur_per_tonne_cement_per_year,158,158,158,158,158,158,158,158,158,158,158,158,158,158,158,158,158,158,158,158,158,158,158,158,158,158,158
malta,cement,conventional,eur_per_tonne_cement_per_year,100,100,100,100,100,100,100,100,100,100,100,100,100,100,100,100,100,100,100,100,100,100,100,100,100,100,100
malta,cement,ccs,eur_per_tonne_cement_per_year,150,150,150,150,150,150,150,150,150,150,150,150,150,150,150,150,150,150,150,150,150,150,150,150,150,150,150
malta,cement,af,eur_per_tonne_cement_per_year,102,102,102,102,102,102,102,102,102,102,102,102,102,102,102,102,102,102,102,102,102,102,102,102,102,102,102
malta,cement,af_ccs,eur_per_tonne_cement_per_year,155,155,155,155,155,155,155,155,155,155,155,155,155,155,155,155,155,155,155,155,155,155,155,155,155,155,155
malta,cement,af_lower_clinker_cement_ratio_ccs,eur_per_tonne_cement_per_year,160,160,160,160,160,160,160,160,160,160,160,160,160,160,160,160,160,160,160,160,160,160,160,160,160,160,160
malta,cement,lower_clinker_cement_ratio,eur_per_tonne_cement_per_year,105,105,105,105,105,105,105,105,105,105,105,105,105,105,105,105,105,105,105,105,105,105,105,105,105,105,105
malta,cement,af_lower_clinker_cement_ratio,eur_per_tonne_cement_per_year,110,110,110,110,110,110,110,110,110,110,110,110,110,110,110,110,110,110,110,110,110,110,110,110,110,110,110
malta,cement,lower_clinker_cement_ratio_ccs,eur_per_tonne_cement_per_year,158,158,158,158,158,158,158,158,158,158,158,158,158,158,158,158,158,158,158,158,158,158,158,158,158,158,158
netherlands,cement,conventional,eur_per_tonne_cement_per_year,100,100,100,100,100,100,100,100,100,100,100,100,100,100,100,100,100,100,100,100,100,100,100,100,100,100,100
netherlands,cement,ccs,eur_per_tonne_cement_per_year,150,150,150,150,150,150,150,150,150,150,150,150,150,150,150,150,150,150,150,150,150,150,150,150,150,150,150
netherlands,cement,af,eur_per_tonne_cement_per_year,102,102,102,102,102,102,102,102,102,102,102,102,102,102,102,102,102,102,102,102,102,102,102,102,102,102,102
netherlands,cement,af_ccs,eur_per_tonne_cement_per_year,155,155,155,155,155,155,155,155,155,155,155,155,155,155,155,155,155,155,155,155,155,155,155,155,155,155,155
netherlands,cement,af_lower_clinker_cement_ratio_ccs,eur_per_tonne_cement_per_year,160,160,160,160,160,160,160,160,160,160,160,160,160,160,160,160,160,160,160,160,160,160,160,160,160,160,160
netherlands,cement,lower_clinker_cement_ratio,eur_per_tonne_cement_per_year,105,105,105,105,105,105,105,105,105,105,105,105,105,105,105,105,105,105,105,105,105,105,105,105,105,105,105
netherlands,cement,af_lower_clinker_cement_ratio,eur_per_tonne_cement_per_year,110,110,110,110,110,110,110,110,110,110,110,110,110,110,110,110,110,110,110,110,110,110,110,110,110,110,110
netherlands,cement,lower_clinker_cement_ratio_ccs,eur_per_tonne_cement_per_year,158,158,158,158,158,158,158,158,158,158,158,158,158,158,158,158,158,158,158,158,158,158,158,158,158,158,158
austria,cement,conventional,eur_per_tonne_cement_per_year,100,100,100,100,100,100,100,100,100,100,100,100,100,100,100,100,100,100,100,100,100,100,100,100,100,100,100
austria,cement,ccs,eur_per_tonne_cement_per_year,150,150,150,150,150,150,150,150,150,150,150,150,150,150,150,150,150,150,150,150,150,150,150,150,150,150,150
austria,cement,af,eur_per_tonne_cement_per_year,102,102,102,102,102,102,102,102,102,102,102,102,102,102,102,102,102,102,102,102,102,102,102,102,102,102,102
austria,cement,af_ccs,eur_per_tonne_cement_per_year,155,155,155,155,155,155,155,155,155,155,155,155,155,155,155,155,155,155,155,155,155,155,155,155,155,155,155
austria,cement,af_lower_clinker_cement_ratio_ccs,eur_per_tonne_cement_per_year,160,160,160,160,160,160,160,160,160,160,160,160,160,160,160,160,160,160,160,160,160,160,160,160,160,160,160
austria,cement,lower_clinker_cement_ratio,eur_per_tonne_cement_per_year,105,105,105,105,105,105,105,105,105,105,105,105,105,105,105,105,105,105,105,105,105,105,105,105,105,105,105
austria,cement,af_lower_clinker_cement_ratio,eur_per_tonne_cement_per_year,110,110,110,110,110,110,110,110,110,110,110,110,110,110,110,110,110,110,110,110,110,110,110,110,110,110,110
austria,cement,lower_clinker_cement_ratio_ccs,eur_per_tonne_cement_per_year,158,158,158,158,158,158,158,158,158,158,158,158,158,158,158,158,158,158,158,158,158,158,158,158,158,158,158
poland,cement,conventional,eur_per_tonne_cement_per_year,100,100,100,100,100,100,100,100,100,100,100,100,100,100,100,100,100,100,100,100,100,100,100,100,100,100,100
poland,cement,ccs,eur_per_tonne_cement_per_year,150,150,150,150,150,150,150,150,150,150,150,150,150,150,150,150,150,150,150,150,150,150,150,150,150,150,150
poland,cement,af,eur_per_tonne_cement_per_year,102,102,102,102,102,102,102,102,102,102,102,102,102,102,102,102,102,102,102,102,102,102,102,102,102,102,102
poland,cement,af_ccs,eur_per_tonne_cement_per_year,155,155,155,155,155,155,155,155,155,155,155,155,155,155,155,155,155,155,155,155,155,155,155,155,155,155,155
poland,cement,af_lower_clinker_cement_ratio_ccs,eur_per_tonne_cement_per_year,160,160,160,160,160,160,160,160,160,160,160,160,160,160,160,160,160,160,160,160,160,160,160,160,160,160,160
poland,cement,lower_clinker_cement_ratio,eur_per_tonne_cement_per_year,105,105,105,105,105,105,105,105,105,105,105,105,105,105,105,105,105,105,105,105,105,105,105,105,105,105,105
poland,cement,af_lower_clinker_cement_ratio,eur_per_tonne_cement_per_year,110,110,110,110,110,110,110,110,110,110,110,110,110,110,110,110,110,110,110,110,110,110,110,110,110,110,110
poland,cement,lower_clinker_cement_ratio_ccs,eur_per_tonne_cement_per_year,158,158,158,158,158,158,158,158,158,158,158,158,158,158,158,158,158,158,158,158,158,158,158,158,158,158,158
portugal,cement,conventional,eur_per_tonne_cement_per_year,100,100,100,100,100,100,100,100,100,100,100,100,100,100,100,100,100,100,100,100,100,100,100,100,100,100,100
portugal,cement,ccs,eur_per_tonne_cement_per_year,150,150,150,150,150,150,150,150,150,150,150,150,150,150,150,150,150,150,150,150,150,150,150,150,150,150,150
portugal,cement,af,eur_per_tonne_cement_per_year,102,102,102,102,102,102,102,102,102,102,102,102,102,102,102,102,102,102,102,102,102,102,102,102,102,102,102
portugal,cement,af_ccs,eur_per_tonne_cement_per_year,155,155,155,155,155,155,155,155,155,155,155,155,155,155,155,155,155,155,155,155,155,155,155,155,155,155,155
portugal,cement,af_lower_clinker_cement_ratio_ccs,eur_per_tonne_cement_per_year,160,160,160,160,160,160,160,160,160,160,160,160,160,160,160,160,160,160,160,160,160,160,160,160,160,160,160
portugal,cement,lower_clinker_cement_ratio,eur_per_tonne_cement_per_year,105,105,105,105,105,105,105,105,105,105,105,105,105,105,105,105,105,105,105,105,105,105,105,105,105,105,105
portugal,cement,af_lower_clinker_cement_ratio,eur_per_tonne_cement_per_year,110,110,110,110,110,110,110,110,110,110,110,110,110,110,110,110,110,110,110,110,110,110,110,110,110,110,110
portugal,cement,lower_clinker_cement_ratio_ccs,eur_per_tonne_cement_per_year,158,158,158,158,158,158,158,158,158,158,158,158,158,158,158,158,158,158,158,158,158,158,158,158,158,158,158
romania,cement,conventional,eur_per_tonne_cement_per_year,100,100,100,100,100,100,100,100,100,100,100,100,100,100,100,100,100,100,100,100,100,100,100,100,100,100,100
romania,cement,ccs,eur_per_tonne_cement_per_year,150,150,150,150,150,150,150,150,150,150,150,150,150,150,150,150,150,150,150,150,150,150,150,150,150,150,150
romania,cement,af,eur_per_tonne_cement_per_year,102,102,102,102,102,102,102,102,102,102,102,102,102,102,102,102,102,102,102,102,102,102,102,102,102,102,102
romania,cement,af_ccs,eur_per_tonne_cement_per_year,155,155,155,155,155,155,155,155,155,155,155,155,155,155,155,155,155,155,155,155,155,155,155,155,155,155,155
romania,cement,af_lower_clinker_cement_ratio_ccs,eur_per_tonne_cement_per_year,160,160,160,160,160,160,160,160,160,160,160,160,160,160,160,160,160,160,160,160,160,160,160,160,160,160,160
romania,cement,lower_clinker_cement_ratio,eur_per_tonne_cement_per_year,105,105,105,105,105,105,105,105,105,105,105,105,105,105,105,105,105,105,105,105,105,105,105,105,105,105,105
romania,cement,af_lower_clinker_cement_ratio,eur_per_tonne_cement_per_year,110,110,110,110,110,110,110,110,110,110,110,110,110,110,110,110,110,110,110,110,110,110,110,110,110,110,110
romania,cement,lower_clinker_cement_ratio_ccs,eur_per_tonne_cement_per_year,158,158,158,158,158,158,158,158,158,158,158,158,158,158,158,158,158,158,158,158,158,158,158,158,158,158,158
slovenia,cement,conventional,eur_per_tonne_cement_per_year,100,100,100,100,100,100,100,100,100,100,100,100,100,100,100,100,100,100,100,100,100,100,100,100,100,100,100
slovenia,cement,ccs,eur_per_tonne_cement_per_year,150,150,150,150,150,150,150,150,150,150,150,150,150,150,150,150,150,150,150,150,150,150,150,150,150,150,150
slovenia,cement,af,eur_per_tonne_cement_per_year,102,102,102,102,102,102,102,102,102,102,102,102,102,102,102,102,102,102,102,102,102,102,102,102,102,102,102
slovenia,cement,af_ccs,eur_per_tonne_cement_per_year,155,155,155,155,155,155,155,155,155,155,155,155,155,155,155,155,155,155,155,155,155,155,155,155,155,155,155
slovenia,cement,af_lower_clinker_cement_ratio_ccs,eur_per_tonne_cement_per_year,160,160,160,160,160,160,160,160,160,160,160,160,160,160,160,160,160,160,160,160,160,160,160,160,160,160,160
slovenia,cement,lower_clinker_cement_ratio,eur_per_tonne_cement_per_year,105,105,105,105,105,105,105,105,105,105,105,105,105,105,105,105,105,105,105,105,105,105,105,105,105,105,105
slovenia,cement,af_lower_clinker_cement_ratio,eur_per_tonne_cement_per_year,110,110,110,110,110,110,110,110,110,110,110,110,110,110,110,110,110,110,110,110,110,110,110,110,110,110,110
slovenia,cement,lower_clinker_cement_ratio_ccs,eur_per_tonne_cement_per_year,158,158,158,158,158,158,158,158,158,158,158,158,158,158,158,158,158,158,158,158,158,158,158,158,158,158,158
slovakia,cement,conventional,eur_per_tonne_cement_per_year,100,100,100,100,100,100,100,100,100,100,100,100,100,100,100,100,100,100,100,100,100,100,100,100,100,100,100
slovakia,cement,ccs,eur_per_tonne_cement_per_year,150,150,150,150,150,150,150,150,150,150,150,150,150,150,150,150,150,150,150,150,150,150,150,150,150,150,150
slovakia,cement,af,eur_per_tonne_cement_per_year,102,102,102,102,102,102,102,102,102,102,102,102,102,102,102,102,102,102,102,102,102,102,102,102,102,102,102
slovakia,cement,af_ccs,eur_per_tonne_cement_per_year,155,155,155,155,155,155,155,155,155,155,155,155,155,155,155,155,155,155,155,155,155,155,155,155,155,155,155
slovakia,cement,af_lower_clinker_cement_ratio_ccs,eur_per_tonne_cement_per_year,160,160,160,160,160,160,160,160,160,160,160,160,160,160,160,160,160,160,160,160,160,160,160,160,160,160,160
slovakia,cement,lower_clinker_cement_ratio,eur_per_tonne_cement_per_year,105,105,105,105,105,105,105,105,105,105,105,105,105,105,105,105,105,105,105,105,105,105,105,105,105,105,105
slovakia,cement,af_lower_clinker_cement_ratio,eur_per_tonne_cement_per_year,110,110,110,110,110,110,110,110,110,110,110,110,110,110,110,110,110,110,110,110,110,110,110,110,110,110,110
slovakia,cement,lower_clinker_cement_ratio_ccs,eur_per_tonne_cement_per_year,158,158,158,158,158,158,158,158,158,158,158,158,158,158,158,158,158,158,158,158,158,158,158,158,158,158,158
finland,cement,conventional,eur_per_tonne_cement_per_year,100,100,100,100,100,100,100,100,100,100,100,100,100,100,100,100,100,100,100,100,100,100,100,100,100,100,100
finland,cement,ccs,eur_per_tonne_cement_per_year,150,150,150,150,150,150,150,150,150,150,150,150,150,150,150,150,150,150,150,150,150,150,150,150,150,150,150
finland,cement,af,eur_per_tonne_cement_per_year,102,102,102,102,102,102,102,102,102,102,102,102,102,102,102,102,102,102,102,102,102,102,102,102,102,102,102
finland,cement,af_ccs,eur_per_tonne_cement_per_year,155,155,155,155,155,155,155,155,155,155,155,155,155,155,155,155,155,155,155,155,155,155,155,155,155,155,155
finland,cement,af_lower_clinker_cement_ratio_ccs,eur_per_tonne_cement_per_year,160,160,160,160,160,160,160,160,160,160,160,160,160,160,160,160,160,160,160,160,160,160,160,160,160,160,160
finland,cement,lower_clinker_cement_ratio,eur_per_tonne_cement_per_year,105,105,105,105,105,105,105,105,105,105,105,105,105,105,105,105,105,105,105,105,105,105,105,105,105,105,105
finland,cement,af_lower_clinker_cement_ratio,eur_per_tonne_cement_per_year,110,110,110,110,110,110,110,110,110,110,110,110,110,110,110,110,110,110,110,110,110,110,110,110,110,110,110
finland,cement,lower_clinker_cement_ratio_ccs,eur_per_tonne_cement_per_year,158,158,158,158,158,158,158,158,158,158,158,158,158,158,158,158,158,158,158,158,158,158,158,158,158,158,158
sweden,cement,conventional,eur_per_tonne_cement_per_year,100,100,100,100,100,100,100,100,100,100,100,100,100,100,100,100,100,100,100,100,100,100,100,100,100,100,100
sweden,cement,ccs,eur_per_tonne_cement_per_year,150,150,150,150,150,150,150,150,150,150,150,150,150,150,150,150,150,150,150,150,150,150,150,150,150,150,150
sweden,cement,af,eur_per_tonne_cement_per_year,102,102,102,102,102,102,102,102,102,102,102,102,102,102,102,102,102,102,102,102,102,102,102,102,102,102,102
sweden,cement,af_ccs,eur_per_tonne_cement_per_year,155,155,155,155,155,155,155,155,155,155,155,155,155,155,155,155,155,155,155,155,155,155,155,155,155,155,155
sweden,cement,af_lower_clinker_cement_ratio_ccs,eur_per_tonne_cement_per_year,160,160,160,160,160,160,160,160,160,160,160,160,160,160,160,160,160,160,160,160,160,160,160,160,160,160,160
sweden,cement,lower_clinker_cement_ratio,eur_per_tonne_cement_per_year,105,105,105,105,105,105,105,105,105,105,105,105,105,105,105,105,105,105,105,105,105,105,105,105,105,105,105
sweden,cement,af_lower_clinker_cement_ratio,eur_per_tonne_cement_per_year,110,110,110,110,110,110,110,110,110,110,110,110,110,110,110,110,110,110,110,110,110,110,110,110,110,110,110
sweden,cement,lower_clinker_cement_ratio_ccs,eur_per_tonne_cement_per_year,158,158,158,158,158,158,158,158,158,158,158,158,158,158,158,158,158,158,158,158,158,158,158,158,158,158,158
